date,release,asset,downloads
"2026-10-02","v1.0.8","Dotkin-1.0.8-arm64.dmg",2
"2026-10-02","v1.0.8","Dotkin.1.0.8.exe",2
"2026-10-02","v1.0.8","Dotkin.Setup.1.0.8.exe",2
"2026-10-02","v1.0.7","Dotkin-1.0.7-arm64.dmg",0
"2026-10-02","v1.0.7","Dotkin.1.0.7.exe",0
"2026-10-02","v1.0.7","Dotkin.Setup.1.0.7.exe",0
"2026-10-03","v1.0.8","Dotkin-1.0.8-arm64.dmg",3
"2026-10-03","v1.0.8","Dotkin.1.0.8.exe",2
"2026-10-03","v1.0.8","Dotkin.Setup.1.0.8.exe",3
"2026-10-03","v1.0.7","Dotkin-1.0.7-arm64.dmg",0
"2026-10-03","v1.0.7","Dotkin.1.0.7.exe",0
"2026-10-03","v1.0.7","Dotkin.Setup.1.0.7.exe",0
"2026-10-04","v1.0.8","Dotkin-1.0.8-arm64.dmg",3
"2026-10-04","v1.0.8","Dotkin.1.0.8.exe",2
"2026-10-04","v1.0.8","Dotkin.Setup.1.0.8.exe",3
"2026-10-04","v1.0.7","Dotkin-1.0.7-arm64.dmg",0
"2026-10-04","v1.0.7","Dotkin.1.0.7.exe",0
"2026-10-04","v1.0.7","Dotkin.Setup.1.0.7.exe",0
"2026-10-05","v1.0.8","Dotkin-1.0.8-arm64.dmg",3
"2026-10-05","v1.0.8","Dotkin.1.0.8.exe",2
"2026-10-05","v1.0.8","Dotkin.Setup.1.0.8.exe",3
"2026-10-05","v1.0.7","Dotkin-1.0.7-arm64.dmg",0
"2026-10-05","v1.0.7","Dotkin.1.0.7.exe",0
"2026-10-05","v1.0.7","Dotkin.Setup.1.0.7.exe",0
